T-Shirt One Piece,1CA020,1CA020,135000,105000,T-Shirt One Piece,1,1CA020.jpg,1CA020.jpg,1CA020_2.jpg,1,6,tokped_link,shopee_link
T-Shirt One Piece,1CA021,1CA021,135000,105000,T-Shirt One Piece,1,1CA021.jpg,1CA021.jpg,1CA021_2.jpg,1,6,tokped_link,shopee_link
T-Shirt One Piece,1CA022,1CA022,135000,105000,T-Shirt One Piece,1,1CA022.jpg,1CA022.jpg,1CA022_2.jpg,1,6,tokped_link,shopee_link
T-Shirt One Piece,1CA023,1CA023,135000,105000,T-Shirt One Piece,1,1CA023.jpg,1CA023.jpg,1CA023_2.jpg,1,6,tokped_link,shopee_link
T-Shirt One Piece,1CA024,1CA024,135000,105000,T-Shirt One Piece,1,1CA024.jpg,1CA024.jpg,1CA024_2.jpg,1,6,tokped_link,shopee_link
T-Shirt One Piece,1CA025,1CA025,135000,105000,T-Shirt One Piece,1,1CA025.jpg,1CA025.jpg,1CA025_2.jpg,1,6,tokped_link,shopee_link
T-Shirt One Piece,1CA026,1CA026,135000,105000,T-Shirt One Piece,1,1CA026.jpg,1CA026.jpg,1CA026_2.jpg,1,6,tokped_link,shopee_link
T-Shirt One Piece,1CA027,1CA027,135000,105000,T-Shirt One Piece,1,1CA027.jpg,1CA027.jpg,1CA027_2.jpg,1,6,tokped_link,shopee_link
T-Shirt One Piece,1CA028,1CA028,135000,105000,T-Shirt One Piece,1,1CA028.jpg,1CA028.jpg,1CA028_2.jpg,1,6,tokped_link,shopee_link
T-Shirt One Piece,1CA029,1CA029,135000,105000,T-Shirt One Piece,1,1CA029.jpg,1CA029.jpg,1CA029_2.jpg,1,6,tokped_link,shopee_link
T-Shirt One Piece,1CA030,1CA030,135000,105000,T-Shirt One Piece,1,1CA030.jpg,1CA030.jpg,1CA030_2.jpg,1,6,tokped_link,shopee_link
T-Shirt One Piece,1CA031,1CA031,135000,105000,T-Shirt One Piece,1,1CA031.jpg,1CA031.jpg,1CA031_2.jpg,1,6,tokped_link,shopee_link
